ID号,宝箱类型,宝箱所在区块,宝箱的相对位置,宝箱的相对旋转,是否开始的时候要显示,第几关的资源
ID,TreasureTypeID,TreasureArea,TreasurePosition,TreasureRotation,IsShownInBegin,LevelIndex
从90100000开始，存储大世界的所有宝箱,宝箱类型，对应Treasure那张表,宝箱对应那块区域的根节点,相对于根节点的位置,相对于根节点的旋转,宝箱是否在开始的时候要显示出来，比如用于解谜,从第0关开始
90100000,10000000,Treasures,2.37;0.08;5.58,,1,1
90100001,10000004,Treasures,-1.05373;12.475;-12.24942,,1,1
90100002,10000002,Treasures,-4.08;15.31;-12.88,,1,1
90100003,10000006,Treasures,3.74;9.531368;17.31925,,1,1
90100004,10000005,Treasures,0;50;0,,0,1
90100005,10000007,Treasures,-7.22624;0.033277;-1.90317,,1,1
90100006,10000005,Treasures,0;50;0,,0,2
90100007,10000009,Treasures,194.65;-7.22;-224.97,,1,2
90100008,10000005,Treasures,242.2475;-6.999632;-169.6412,,0,2